Switch ID,Date,CPU Usage,Fan Speed,CPU Sensor Temp,Power Consumption
Switch_1,1,25,10114,70,235
Switch_1,1,28,10801,71,237
Switch_1,1,25,10881,70,237
Switch_1,1,25,10387,66,234
Switch_1,1,29,10283,68,232
Switch_1,1,25,10580,70,235
Switch_1,1,28,10946,70,237
Switch_1,1,32,10791,74,234
Switch_1,2,25,9960,73,234
Switch_1,2,32,10823,68,238
Switch_1,2,25,10045,71,237
Switch_1,2,30,10448,75,237
Switch_1,2,31,10905,75,236
Switch_1,2,27,10985,66,238
Switch_1,2,31,10765,66,233
Switch_1,2,30,10270,74,232
Switch_1,3,29,9934,71,235
Switch_1,3,31,10500,74,236
Switch_1,3,30,10215,75,237
Switch_1,3,28,10031,70,232
Switch_1,3,32,10031,74,238
Switch_1,3,27,9967,72,232
Switch_1,3,27,10814,66,236
Switch_1,3,25,10889,72,236
Switch_1,4,27,9854,69,234
Switch_1,4,29,10124,68,236
Switch_1,4,31,10224,68,238
Switch_1,4,30,9872,70,237
Switch_1,4,28,10354,71,236
Switch_1,4,30,10435,74,237
Switch_1,4,26,10803,67,232
Switch_1,4,33,10242,73,235
Switch_1,5,33,10986,74,237
Switch_1,5,31,10068,75,233
Switch_1,5,33,9884,65,234
Switch_1,5,32,10218,74,233
Switch_1,5,32,10333,71,232
Switch_1,5,26,10937,72,236
Switch_1,5,29,10078,65,238
Switch_1,5,29,10782,66,234
Switch_1,6,33,10420,67,235
Switch_1,6,25,10489,74,232
Switch_1,6,33,10360,68,232
Switch_1,6,27,10088,70,237
Switch_1,6,29,9909,69,236
Switch_1,6,26,9969,70,234
Switch_1,6,33,10398,73,232
Switch_1,6,33,9987,70,232
Switch_1,7,27,10580,68,238
Switch_1,7,31,10264,73,237
Switch_1,7,30,10566,75,238
Switch_1,7,32,10309,74,235
Switch_1,7,28,10267,69,237
Switch_1,7,32,9967,68,238
Switch_1,7,27,10858,68,238
Switch_1,7,25,9857,75,234
Switch_1,8,28,10125,69,235
Switch_1,8,26,10837,66,236
Switch_1,8,32,10255,74,238
Switch_1,8,31,9818,70,236
Switch_1,8,25,9967,72,232
Switch_1,8,32,10409,72,237
Switch_1,8,33,10529,66,236
Switch_1,8,27,10816,67,234
Switch_1,9,27,10867,72,237
Switch_1,9,26,10650,70,234
Switch_1,9,28,10770,69,235
Switch_1,9,27,10563,69,238
Switch_1,9,28,10020,68,234
Switch_1,9,32,10199,75,233
Switch_1,9,29,10542,69,232
Switch_1,9,29,10641,74,238
Switch_1,10,26,10215,70,234
Switch_1,10,28,10841,73,238
Switch_1,10,32,10111,72,234
Switch_1,10,32,10070,73,236
Switch_1,10,27,10671,65,237
Switch_1,10,25,10686,70,233
Switch_1,10,32,10887,73,233
Switch_1,10,32,10872,75,235
Switch_1,11,32,10916,67,236
Switch_1,11,25,10329,70,237
Switch_1,11,32,10026,71,234
Switch_1,11,31,10018,69,233
Switch_1,11,32,10397,75,235
Switch_1,11,28,10791,67,234
Switch_1,11,32,10123,68,234
Switch_1,11,33,10884,71,234
Switch_1,12,32,10529,68,234
Switch_1,12,30,10594,75,236
Switch_1,12,30,10655,67,235
Switch_1,12,31,9943,72,236
Switch_1,12,32,10743,67,236
Switch_1,12,31,10314,67,235
Switch_1,12,27,10286,66,238
Switch_1,12,29,10380,70,235
Switch_1,13,25,10596,75,235
Switch_1,13,27,9973,73,236
Switch_1,13,32,10434,67,235
Switch_1,13,29,10610,69,234
Switch_1,13,30,9868,72,235
Switch_1,13,33,10131,70,236
Switch_1,13,28,10797,68,234
Switch_1,13,29,10220,68,238
Switch_1,14,32,10145,73,237
Switch_1,14,28,10774,66,234
Switch_1,14,32,10571,65,238
Switch_1,14,30,10790,69,237
Switch_1,14,30,10070,71,237
Switch_1,14,31,9998,72,238
Switch_1,14,25,10415,74,233
Switch_1,14,29,10565,73,237
Switch_1,15,29,10804,74,235
Switch_1,15,30,9885,65,232
Switch_1,15,31,9836,68,237
Switch_1,15,32,10070,70,234
Switch_1,15,25,10754,69,235
Switch_1,15,27,10892,66,233
Switch_1,15,27,10417,66,238
Switch_1,15,27,10212,71,237
Switch_1,16,33,10499,65,236
Switch_1,16,30,10665,68,236
Switch_1,16,30,10173,72,238
Switch_1,16,33,10403,66,238
Switch_1,16,31,10414,75,238
Switch_1,16,26,10965,65,237
Switch_1,16,28,10343,67,235
Switch_1,16,30,9800,75,236
Switch_1,17,31,10117,70,232
Switch_1,17,33,10784,73,232
Switch_1,17,25,9995,65,233
Switch_1,17,27,10593,69,236
Switch_1,17,33,10563,67,235
Switch_1,17,28,9920,74,233
Switch_1,17,29,10366,73,235
Switch_1,17,29,10138,70,235
Switch_1,18,25,10021,65,233
Switch_1,18,26,10472,71,237
Switch_1,18,25,10838,73,237
Switch_1,18,25,10584,69,232
Switch_1,18,28,10931,65,236
Switch_1,18,33,10221,68,236
Switch_1,18,33,10418,72,236
Switch_1,18,30,10248,65,235
Switch_1,19,26,10707,65,236
Switch_1,19,29,9921,68,237
Switch_1,19,32,10403,70,236
Switch_1,19,26,10547,75,235
Switch_1,19,31,10577,73,238
Switch_1,19,26,9867,75,238
Switch_1,19,27,10399,73,236
Switch_1,19,25,10447,68,237
Switch_1,20,32,10766,75,234
Switch_1,20,32,10909,66,238
Switch_1,20,30,10584,68,234
Switch_1,20,32,10676,66,237
Switch_1,20,31,10884,67,238
Switch_1,20,27,10363,69,233
Switch_1,20,28,10236,69,238
Switch_1,20,27,10223,70,233
Switch_1,21,31,10957,68,238
Switch_1,21,31,9814,72,236
Switch_1,21,32,10659,73,234
Switch_1,21,32,10905,69,235
Switch_1,21,31,10015,71,235
Switch_1,21,28,10543,68,238
Switch_1,21,27,9836,66,234
Switch_1,21,28,10679,75,234
Switch_1,22,29,9899,70,238
Switch_1,22,25,10438,67,235
Switch_1,22,30,10605,67,233
Switch_1,22,33,10688,72,236
Switch_1,22,27,9821,74,235
Switch_1,22,33,10667,73,238
Switch_1,22,28,9900,73,235
Switch_1,22,33,10148,65,236
Switch_1,23,29,10300,71,237
Switch_1,23,31,10052,70,232
Switch_1,23,32,10313,72,234
Switch_1,23,31,10571,66,238
Switch_1,23,29,10620,65,237
Switch_1,23,27,10337,67,237
Switch_1,23,28,10125,67,235
Switch_1,23,26,10816,71,237
Switch_1,24,28,10770,70,234
Switch_1,24,27,10949,68,233
Switch_1,24,25,10833,71,235
Switch_1,24,32,9865,73,238
Switch_1,24,25,10238,75,234
Switch_1,24,27,10896,70,235
Switch_1,24,29,10151,73,234
Switch_1,24,30,10851,75,236
Switch_1,25,25,10843,67,237
Switch_1,25,25,10298,67,238
Switch_1,25,25,10764,75,232
Switch_1,25,27,10495,72,234
Switch_1,25,27,10683,71,236
Switch_1,25,28,10534,65,234
Switch_1,25,28,10398,74,236
Switch_1,25,28,10910,66,237
Switch_1,26,25,9976,69,237
Switch_1,26,33,10701,72,238
Switch_1,26,29,10659,71,237
Switch_1,26,33,10425,66,235
Switch_1,26,26,10705,65,237
Switch_1,26,25,10489,73,238
Switch_1,26,26,9935,69,232
Switch_1,26,32,10658,70,235
Switch_1,27,25,10260,66,234
Switch_1,27,28,10572,71,235
Switch_1,27,27,10676,73,237
Switch_1,27,33,10660,66,233
Switch_1,27,31,10789,73,233
Switch_1,27,30,10497,70,232
Switch_1,27,26,9913,68,234
Switch_1,27,25,10295,67,238
Switch_1,28,33,9858,65,236
Switch_1,28,30,10777,70,238
Switch_1,28,28,10320,66,233
Switch_1,28,32,10988,66,234
Switch_1,28,33,10481,65,235
Switch_1,28,31,9805,65,238
Switch_1,28,26,10692,68,234
Switch_1,28,33,10683,67,235
Switch_1,29,31,10189,71,233
Switch_1,29,31,10378,75,234
Switch_1,29,32,10743,67,233
Switch_1,29,29,10611,71,237
Switch_1,29,29,10369,73,234
Switch_1,29,31,10668,66,238
Switch_1,29,31,10351,66,238
Switch_1,29,30,10097,73,236
Switch_1,30,25,10716,70,235
Switch_1,30,25,10622,73,236
Switch_1,30,26,10291,71,235
Switch_1,30,29,10415,68,238
Switch_1,30,27,10625,65,238
Switch_1,30,31,9849,69,236
Switch_1,30,29,9904,73,235
Switch_1,30,25,9870,74,234
Switch_1,1,28,9923,65,235
Switch_1,1,27,9827,75,234
Switch_1,1,29,9866,67,234
Switch_1,1,33,10872,68,236
Switch_1,1,31,10076,66,233
Switch_1,1,33,10699,75,235
Switch_1,1,29,10324,70,235
Switch_1,1,30,10841,74,236
Switch_1,2,31,10654,70,236
Switch_1,2,32,10515,73,238
Switch_1,2,29,10259,70,238
Switch_1,2,26,10091,74,236
Switch_1,2,33,10161,65,237
Switch_1,2,30,10576,75,236
Switch_1,2,26,10715,71,232
Switch_1,2,27,9815,71,238
Switch_1,3,27,10778,67,232
Switch_1,3,26,10061,65,238
Switch_1,3,25,9956,71,232
Switch_1,3,30,10885,68,236
Switch_1,3,28,10253,65,237
Switch_1,3,30,9832,65,232
Switch_1,3,28,10255,75,236
Switch_1,3,33,10858,66,236
Switch_1,4,28,10269,74,237
Switch_1,4,32,10486,72,238
Switch_1,4,25,10051,66,235
Switch_1,4,26,10114,71,234
Switch_1,4,32,10515,72,235
Switch_1,4,29,10923,67,235
Switch_1,4,29,10284,65,234
Switch_1,4,29,10661,67,238
Switch_1,5,33,10156,71,237
Switch_1,5,30,10931,73,236
Switch_1,5,30,10624,74,236
Switch_1,5,26,9987,68,233
Switch_1,5,25,10456,70,238
Switch_1,5,26,10415,72,237
Switch_1,5,33,10312,73,234
Switch_1,5,28,9834,68,236
Switch_1,6,25,9981,70,236
Switch_1,6,29,9904,66,235
Switch_1,6,30,10546,68,235
Switch_1,6,33,9853,68,233
Switch_1,6,29,9812,70,236
Switch_1,6,29,10111,72,238
Switch_1,6,27,9883,69,238
Switch_1,6,29,10198,72,232
Switch_1,7,26,10247,69,232
Switch_1,7,30,9941,70,232
Switch_1,7,29,10681,75,235
Switch_1,7,29,10898,71,237
Switch_1,7,27,10374,75,235
Switch_1,7,28,10209,73,235
Switch_1,7,27,10562,74,232
Switch_1,7,32,10951,74,234
Switch_1,8,30,10814,73,238
Switch_1,8,27,9868,75,235
Switch_1,8,30,10811,69,237
Switch_1,8,32,10585,75,232
Switch_1,8,25,10023,66,235
Switch_1,8,27,9824,73,237
Switch_1,8,33,10635,67,235
Switch_1,8,32,9887,72,236
Switch_1,9,31,10663,72,233
Switch_1,9,33,10648,71,233
Switch_1,9,30,10251,68,236
Switch_1,9,29,10870,75,235
Switch_1,9,29,10398,70,234
Switch_1,9,25,10249,65,233
Switch_1,9,25,10228,74,238
Switch_1,9,27,10585,72,234
Switch_1,10,31,10636,71,236
Switch_1,10,33,10179,72,232
Switch_1,10,26,9973,69,233
Switch_1,10,32,10771,67,232
Switch_1,10,31,9873,69,233
Switch_1,10,31,10641,72,235
Switch_1,10,27,10700,75,234
Switch_1,10,28,10768,74,234
Switch_1,11,28,10944,67,236
Switch_1,11,30,10492,67,234
Switch_1,11,33,10120,73,235
Switch_1,11,29,10529,66,236
Switch_1,11,31,10684,70,236
Switch_1,11,32,10553,69,232
Switch_1,11,27,10698,65,235
Switch_1,11,32,10082,72,235
Switch_1,12,33,10150,65,233
Switch_1,12,27,10156,65,238
Switch_1,12,26,10368,67,233
Switch_1,12,30,10026,67,234
Switch_1,12,31,10047,73,232
Switch_1,12,29,10782,75,233
Switch_1,12,26,10750,66,233
Switch_1,12,31,10936,75,238
Switch_1,13,26,10344,69,236
Switch_1,13,26,10683,69,236
Switch_1,13,29,10358,65,233
Switch_1,13,26,10867,71,235
Switch_1,13,25,10450,73,237
Switch_1,13,25,10499,71,238
Switch_1,13,33,10187,70,236
Switch_1,13,25,9910,70,232
Switch_1,14,28,10200,66,233
Switch_1,14,33,10273,69,235
Switch_1,14,28,10034,71,235
Switch_1,14,29,10433,73,232
Switch_1,14,32,10231,72,238
Switch_1,14,25,10884,71,235
Switch_1,14,31,9854,72,236
Switch_1,14,26,9844,71,233
Switch_1,15,30,10963,68,237
Switch_1,15,26,10030,66,232
Switch_1,15,26,10626,71,234
Switch_1,15,31,9827,67,236
Switch_1,15,30,9867,68,237
Switch_1,15,26,10523,69,237
Switch_1,15,33,10445,73,233
Switch_1,15,28,9847,69,236
Switch_1,16,33,9974,68,233
Switch_1,16,26,10852,71,236
Switch_1,16,26,10992,68,238
Switch_1,16,29,10564,67,237
Switch_1,16,33,10713,68,235
Switch_1,16,26,10986,66,237
Switch_1,16,29,10993,72,236
Switch_1,16,31,10774,70,232
Switch_1,17,25,10690,72,234
Switch_1,17,25,10233,73,235
Switch_1,17,25,10401,72,236
Switch_1,17,25,10921,70,233
Switch_1,17,31,9948,65,234
Switch_1,17,25,10369,66,236
Switch_1,17,28,10179,65,237
Switch_1,17,26,10896,68,236
Switch_1,18,33,10699,73,237
Switch_1,18,33,10441,73,236
Switch_1,18,33,9814,66,238
Switch_1,18,31,10681,70,234
Switch_1,18,32,10666,72,233
Switch_1,18,28,10564,74,234
Switch_1,18,32,10749,69,233
Switch_1,18,27,10389,71,238
Switch_1,19,26,10381,75,233
Switch_1,19,28,10419,68,233
Switch_1,19,25,10232,75,234
Switch_1,19,29,10857,65,232
Switch_1,19,30,10783,67,233
Switch_1,19,28,10087,68,237
Switch_1,19,29,10390,74,233
Switch_1,19,31,10880,66,235
Switch_1,20,28,9913,68,235
Switch_1,20,27,10702,73,234
Switch_1,20,30,10907,75,237
Switch_1,20,26,10944,72,235
Switch_1,20,25,10753,65,237
Switch_1,20,32,10357,66,232
Switch_1,20,28,10297,69,236
Switch_1,20,29,10058,72,237
Switch_1,21,29,9866,66,233
Switch_1,21,29,10535,75,234
Switch_1,21,32,10983,72,234
Switch_1,21,32,10682,73,235
Switch_1,21,28,10521,74,237
Switch_1,21,25,10856,71,237
Switch_1,21,31,10554,68,233
Switch_1,21,27,10591,74,232
Switch_1,22,25,10290,71,232
Switch_1,22,25,10169,71,234
Switch_1,22,26,10393,75,235
Switch_1,22,32,10678,75,238
Switch_1,22,27,10432,70,234
Switch_1,22,33,9937,74,235
Switch_1,22,32,10012,65,238
Switch_1,22,31,10948,67,232
Switch_1,23,31,10179,70,234
Switch_1,23,28,10574,72,233
Switch_1,23,33,10645,65,236
Switch_1,23,31,10766,67,237
Switch_1,23,30,9960,72,236
Switch_1,23,25,10790,67,235
Switch_1,23,30,10970,67,232
Switch_1,23,29,10963,73,236
Switch_1,24,26,10555,73,233
Switch_1,24,27,10930,73,233
Switch_1,24,30,10806,73,232
Switch_1,24,33,10660,71,232
Switch_1,24,28,10949,69,235
Switch_1,24,32,10675,75,232
Switch_1,24,29,10589,74,235
Switch_1,24,29,10274,65,236
Switch_1,25,30,10544,75,234
Switch_1,25,28,10865,65,235
Switch_1,25,25,10283,67,233
Switch_1,25,31,9896,75,234
Switch_1,25,25,10389,66,232
Switch_1,25,30,9934,70,238
Switch_1,25,25,10992,73,235
Switch_1,25,31,10115,74,237
Switch_1,26,26,9937,74,232
Switch_1,26,26,10089,69,238
Switch_1,26,31,10308,66,238
Switch_1,26,29,10588,72,237
Switch_1,26,30,10968,68,238
Switch_1,26,25,10740,66,234
Switch_1,26,30,10576,67,238
Switch_1,26,27,9933,66,238
Switch_1,27,30,10332,68,236
Switch_1,27,28,10701,68,234
Switch_1,27,28,10839,75,234
Switch_1,27,30,9984,72,237
Switch_1,27,26,10541,71,236
Switch_1,27,32,10176,75,235
Switch_1,27,30,10440,65,236
Switch_1,27,26,10587,73,236
Switch_1,28,33,10658,68,233
Switch_1,28,32,9843,73,236
Switch_1,28,32,10199,67,237
Switch_1,28,28,10799,67,237
Switch_1,28,27,10882,68,235
Switch_1,28,30,10341,68,237
Switch_1,28,28,9966,66,238
Switch_1,28,29,10798,74,238
Switch_1,29,25,9828,72,238
Switch_1,29,32,10692,67,238
Switch_1,29,32,10524,73,235
Switch_1,29,33,10073,70,236
Switch_1,29,29,10967,69,235
Switch_1,29,32,10632,74,238
Switch_1,29,25,10455,66,234
Switch_1,29,33,10181,66,234
Switch_1,30,32,10822,74,234
Switch_1,30,28,10659,65,237
Switch_1,30,29,10840,69,236
Switch_1,30,29,10218,75,237
Switch_1,30,27,10073,68,232
Switch_1,30,29,10958,74,233
Switch_1,30,31,9979,75,234
Switch_1,30,28,10673,70,234
Switch_1,31,33,10955,67,232
Switch_1,31,25,10932,69,234
Switch_1,31,30,9877,71,234
Switch_1,31,31,10360,65,238
Switch_1,31,32,10222,67,233
Switch_1,31,27,9902,66,237
Switch_1,31,30,10912,74,235
Switch_1,31,32,10729,75,236
Switch_1,1,26,10794,65,238
Switch_1,1,26,10798,74,235
Switch_1,1,29,9959,68,233
Switch_1,1,28,10347,73,236
Switch_1,1,28,10332,71,236
Switch_1,1,31,10658,68,236
Switch_1,1,32,10321,68,235
Switch_1,1,28,10229,71,232
Switch_1,2,30,9841,74,236
Switch_1,2,26,10178,69,236
Switch_1,2,29,10303,67,234
Switch_1,2,27,10263,73,238
Switch_1,2,28,9931,69,233
Switch_1,2,28,9921,73,237
Switch_1,2,33,10361,70,233
Switch_1,2,26,10139,70,235
Switch_1,3,26,10619,65,237
Switch_1,3,26,10880,75,237
Switch_1,3,26,10118,69,233
Switch_1,3,31,10217,65,238
Switch_1,3,32,10282,67,235
Switch_1,3,25,9816,71,234
Switch_1,3,27,10978,74,238
Switch_1,3,32,9935,66,234
Switch_1,4,33,10459,66,233
Switch_1,4,32,9901,70,237
Switch_1,4,25,10762,72,237
Switch_1,4,31,10439,71,238
Switch_1,4,26,10060,70,232
Switch_1,4,25,10456,66,232
Switch_1,4,31,9891,73,238
Switch_1,4,30,10880,70,232
Switch_1,5,33,10290,75,236
Switch_1,5,30,10356,74,238
Switch_1,5,25,10629,71,237
Switch_1,5,28,9897,71,232
Switch_1,5,28,10968,70,235
Switch_1,5,30,10370,68,235
Switch_1,5,25,10175,65,237
Switch_1,5,30,10200,67,237
Switch_1,6,25,10348,73,236
Switch_1,6,30,10767,65,237
Switch_1,6,27,10299,71,238
Switch_1,6,26,10559,69,235
Switch_1,6,28,10397,67,235
Switch_1,6,32,10431,72,236
Switch_1,6,31,10144,69,232
Switch_1,6,25,10936,69,238
Switch_1,7,31,10800,70,236
Switch_1,7,28,10869,72,235
Switch_1,7,27,10857,72,234
Switch_1,7,27,10232,66,237
Switch_1,7,26,10833,73,238
Switch_1,7,31,10070,71,233
Switch_1,7,33,10436,67,235
Switch_1,7,25,10410,68,232
Switch_1,8,28,10926,67,233
Switch_1,8,26,10608,74,238
Switch_1,8,33,10386,73,232
Switch_1,8,27,10104,65,235
Switch_1,8,30,10241,71,238
Switch_1,8,30,11000,70,233
Switch_1,8,29,10334,66,234
Switch_1,8,30,10721,68,232
Switch_1,9,30,10704,65,236
Switch_1,9,33,10750,66,237
Switch_1,9,31,10648,75,234
Switch_1,9,32,10369,68,238
Switch_1,9,29,10715,71,233
Switch_1,9,27,10878,65,236
Switch_1,9,27,10129,65,233
Switch_1,9,25,10628,71,233
Switch_1,10,33,9903,65,238
Switch_1,10,31,9994,68,235
Switch_1,10,27,10522,72,236
Switch_1,10,32,10445,70,235
Switch_1,10,33,9926,73,234
Switch_1,10,27,10787,72,234
Switch_1,10,25,10184,65,233
Switch_1,10,28,10130,69,234
Switch_1,11,30,10123,68,238
Switch_1,11,26,10088,74,234
Switch_1,11,30,9820,71,234
Switch_1,11,29,10711,75,233
Switch_1,11,32,10522,65,235
Switch_1,11,33,10013,69,235
Switch_1,11,33,9837,68,232
Switch_1,11,32,10935,65,234
Switch_1,12,31,10321,75,233
Switch_1,12,26,10721,68,233
Switch_1,12,29,9841,71,234
Switch_1,12,32,10124,65,235
Switch_1,12,26,10123,69,232
Switch_1,12,29,10088,70,237
Switch_1,12,28,10526,74,234
Switch_1,12,31,10551,68,232
Switch_1,13,28,10208,65,234
Switch_1,13,29,9897,66,233
Switch_1,13,31,10038,72,235
Switch_1,13,33,10256,74,237
Switch_1,13,32,9952,73,234
Switch_1,13,28,10869,70,232
Switch_1,13,33,10935,67,232
Switch_1,13,28,9948,72,236
Switch_1,14,29,10054,75,234
Switch_1,14,29,10543,74,238
Switch_1,14,26,9832,66,238
Switch_1,14,27,10634,75,234
Switch_1,14,31,10965,71,233
Switch_1,14,30,10714,69,236
Switch_1,14,25,10751,71,232
Switch_1,14,29,9895,71,236
Switch_1,15,29,9832,72,237
Switch_1,15,33,10422,66,237
Switch_1,15,30,10684,75,232
Switch_1,15,27,9846,68,237
Switch_1,15,33,10695,69,238
Switch_1,15,33,10190,74,235
Switch_1,15,31,9829,65,237
Switch_1,15,25,9962,69,237
Switch_1,16,29,10490,73,235
Switch_1,16,32,10080,70,235
Switch_1,16,31,10640,65,233
Switch_1,16,26,10710,66,238
Switch_1,16,26,10367,68,232
Switch_1,16,30,10817,73,235
Switch_1,16,31,10848,75,235
Switch_1,16,28,10256,75,236
Switch_1,17,32,9853,71,233
Switch_1,17,25,10044,69,238
Switch_1,17,31,10426,68,234
Switch_1,17,33,10356,69,235
Switch_1,17,30,10190,66,237
Switch_1,17,28,10780,70,237
Switch_1,17,33,9967,70,234
Switch_1,17,26,10900,70,236
Switch_1,18,30,10226,72,238
Switch_1,18,28,10547,67,233
Switch_1,18,27,10989,69,236
Switch_1,18,26,9861,67,234
Switch_1,18,27,10402,72,233
Switch_1,18,32,10614,69,237
Switch_1,18,33,10645,74,233
Switch_1,18,27,10981,72,236
Switch_1,19,31,10248,75,232
Switch_1,19,28,10418,66,236
Switch_1,19,25,9919,69,233
Switch_1,19,33,10231,71,232
Switch_1,19,33,10036,69,238
Switch_1,19,26,10180,74,236
Switch_1,19,33,9869,68,233
Switch_1,19,31,10529,65,236
Switch_1,20,26,10463,70,238
Switch_1,20,32,10111,74,238
Switch_1,20,25,10997,72,236
Switch_1,20,32,10427,68,237
Switch_1,20,30,10683,65,235
Switch_1,20,33,10708,75,232
Switch_1,20,30,10057,72,237
Switch_1,20,26,9850,75,234
Switch_1,21,29,10828,75,233
Switch_1,21,33,10035,70,236
Switch_1,21,25,10980,70,233
Switch_1,21,29,9818,75,232
Switch_1,21,28,10945,75,232
Switch_1,21,28,10605,73,232
Switch_1,21,31,10172,75,237
Switch_1,21,31,10845,74,234
Switch_1,22,32,9815,73,234
Switch_1,22,29,10609,71,234
Switch_1,22,30,10273,72,237
Switch_1,22,33,9901,66,236
Switch_1,22,26,10700,67,234
Switch_1,22,30,10827,65,232
Switch_1,22,32,10692,69,237
Switch_1,22,31,9898,72,234
Switch_1,23,27,10313,68,235
Switch_1,23,27,10773,72,238
Switch_1,23,30,10846,74,238
Switch_1,23,31,10637,66,234
Switch_1,23,33,10211,73,238
Switch_1,23,29,10369,74,232
Switch_1,23,30,10560,71,235
Switch_1,23,29,10285,75,236
Switch_1,24,31,9801,73,232
Switch_1,24,30,10362,65,232
Switch_1,24,29,10090,75,235
Switch_1,24,27,10791,75,233
Switch_1,24,31,10546,65,236
Switch_1,24,28,10062,72,238
Switch_1,24,30,10806,66,233
Switch_1,24,27,10983,74,237
Switch_1,25,33,10383,71,232
Switch_1,25,26,10970,66,237
Switch_1,25,27,10991,68,235
Switch_1,25,28,10710,74,232
Switch_1,25,33,10769,71,235
Switch_1,25,27,10007,68,238
Switch_1,25,25,9903,73,233
Switch_1,25,31,10440,66,236
Switch_1,26,25,10637,70,237
Switch_1,26,25,10739,73,234
Switch_1,26,28,10946,67,233
Switch_1,26,33,10493,72,235
Switch_1,26,26,10187,73,236
Switch_1,26,27,10926,67,237
Switch_1,26,26,10695,68,233
Switch_1,26,27,10928,66,238
Switch_1,27,27,10366,65,238
Switch_1,27,26,10194,72,238
Switch_1,27,25,10737,70,235
Switch_1,27,32,9856,65,232
Switch_1,27,26,10407,71,232
Switch_1,27,26,9997,71,235
Switch_1,27,31,10203,71,233
Switch_1,27,25,10352,68,234
Switch_1,28,29,9859,71,235
Switch_1,28,27,10531,74,234
Switch_1,28,28,10154,73,234
Switch_1,28,26,10457,73,236
Switch_1,28,30,10903,71,233
Switch_1,28,32,10739,72,238
Switch_1,28,27,10193,72,235
Switch_1,28,29,10039,66,232
Switch_1,29,32,10137,68,236
Switch_1,29,28,10249,69,235
Switch_1,29,29,10770,71,234
Switch_1,29,33,10839,71,232
Switch_1,29,28,10311,69,232
Switch_1,29,30,10394,67,232
Switch_1,29,25,10434,65,237
Switch_1,29,28,10220,68,232
Switch_1,30,33,10249,66,232
Switch_1,30,33,10709,74,236
Switch_1,30,28,10331,65,232
Switch_1,30,28,10367,65,233
Switch_1,30,33,10908,67,232
Switch_1,30,28,9862,74,232
Switch_1,30,27,10293,67,237
Switch_1,30,32,10613,67,234
Switch_2,1,33,9984,68,232
Switch_2,1,31,10682,66,235
Switch_2,1,29,10681,65,237
Switch_2,1,33,10059,75,237
Switch_2,1,26,9875,66,238
Switch_2,1,32,10769,73,233
Switch_2,1,29,9951,71,236
Switch_2,1,26,10672,70,234
Switch_2,2,26,10996,69,237
Switch_2,2,31,10134,72,237
Switch_2,2,30,10613,71,238
Switch_2,2,25,10325,72,237
Switch_2,2,30,10072,75,233
Switch_2,2,28,10386,73,234
Switch_2,2,27,10264,74,238
Switch_2,2,26,10735,66,232
Switch_2,3,27,9827,69,238
Switch_2,3,26,10116,72,235
Switch_2,3,30,9844,67,238
Switch_2,3,27,9955,69,237
Switch_2,3,27,10328,72,236
Switch_2,3,25,9909,73,237
Switch_2,3,33,10343,68,237
Switch_2,3,32,10834,75,236
Switch_2,4,31,10108,70,232
Switch_2,4,25,10615,73,233
Switch_2,4,27,10273,67,237
Switch_2,4,33,10894,73,238
Switch_2,4,25,10549,72,234
Switch_2,4,33,10211,74,235
Switch_2,4,33,10175,73,235
Switch_2,4,30,10110,70,232
Switch_2,5,30,10848,74,237
Switch_2,5,33,10228,74,237
Switch_2,5,33,10653,67,235
Switch_2,5,30,10509,69,234
Switch_2,5,27,10613,72,238
Switch_2,5,26,10129,70,238
Switch_2,5,30,9843,69,234
Switch_2,5,30,10025,68,237
Switch_2,6,30,10031,69,232
Switch_2,6,28,10194,70,232
Switch_2,6,30,10781,67,232
Switch_2,6,27,10528,73,238
Switch_2,6,28,10162,72,235
Switch_2,6,33,10832,74,232
Switch_2,6,25,10797,69,234
Switch_2,6,32,10780,74,234
Switch_2,7,32,10419,69,234
Switch_2,7,33,9869,73,237
Switch_2,7,29,10800,65,235
Switch_2,7,30,9860,73,234
Switch_2,7,25,10647,72,234
Switch_2,7,25,10314,66,238
Switch_2,7,32,10198,71,235
Switch_2,7,30,10834,73,234
Switch_2,8,30,10932,68,236
Switch_2,8,33,10343,67,234
Switch_2,8,29,10554,65,235
Switch_2,8,32,10844,74,238
Switch_2,8,26,10275,71,234
Switch_2,8,29,10033,66,238
Switch_2,8,30,10998,74,236
Switch_2,8,32,10892,72,232
Switch_2,9,33,10254,73,233
Switch_2,9,28,10369,73,238
Switch_2,9,25,10685,65,234
Switch_2,9,32,10549,73,234
Switch_2,9,32,9992,66,234
Switch_2,9,29,10419,75,234
Switch_2,9,31,9899,65,236
Switch_2,9,32,10670,65,237
Switch_2,10,29,9927,66,234
Switch_2,10,28,10854,67,236
Switch_2,10,33,10169,69,233
Switch_2,10,27,10354,74,233
Switch_2,10,31,10746,66,233
Switch_2,10,25,10107,70,234
Switch_2,10,27,10353,72,238
Switch_2,10,29,9857,70,233
Switch_2,11,26,10489,72,238
Switch_2,11,29,10268,75,232
Switch_2,11,27,10121,75,232
Switch_2,11,31,10877,72,237
Switch_2,11,28,10856,72,238
Switch_2,11,32,10026,66,235
Switch_2,11,26,10626,72,234
Switch_2,11,29,9968,72,235
Switch_2,12,26,10894,74,233
Switch_2,12,29,10692,75,235
Switch_2,12,27,10703,72,233
Switch_2,12,27,10010,74,234
Switch_2,12,33,10998,74,233
Switch_2,12,31,9865,71,236
Switch_2,12,25,10827,70,233
Switch_2,12,33,10789,70,238
Switch_2,13,27,10871,75,233
Switch_2,13,26,10618,65,238
Switch_2,13,32,10537,71,233
Switch_2,13,27,10784,74,238
Switch_2,13,29,10253,67,236
Switch_2,13,29,10204,67,233
Switch_2,13,30,10906,65,232
Switch_2,13,32,10864,73,237
Switch_2,14,26,10708,74,232
Switch_2,14,31,10929,65,237
Switch_2,14,28,10630,66,233
Switch_2,14,31,10161,75,232
Switch_2,14,32,9805,67,236
Switch_2,14,30,10876,69,233
Switch_2,14,32,10927,69,234
Switch_2,14,29,9936,71,238
Switch_2,15,26,10530,67,237
Switch_2,15,31,10615,66,232
Switch_2,15,25,10535,75,233
Switch_2,15,30,10270,65,234
Switch_2,15,32,10674,65,234
Switch_2,15,28,10172,70,238
Switch_2,15,30,10015,66,235
Switch_2,15,28,10456,71,232
Switch_2,16,26,10054,70,234
Switch_2,16,27,10585,67,235
Switch_2,16,32,10343,69,234
Switch_2,16,33,10571,71,237
Switch_2,16,29,10319,73,233
Switch_2,16,30,10416,73,235
Switch_2,16,27,10649,66,235
Switch_2,16,27,10991,73,237
Switch_2,17,27,10418,70,238
Switch_2,17,26,10297,69,235
Switch_2,17,26,10835,75,238
Switch_2,17,25,10107,74,237
Switch_2,17,33,9913,68,237
Switch_2,17,30,10706,75,234
Switch_2,17,29,10074,67,233
Switch_2,17,33,10465,65,234
Switch_2,18,27,10689,72,233
Switch_2,18,30,10192,69,237
Switch_2,18,29,10391,72,233
Switch_2,18,31,9966,70,238
Switch_2,18,29,10999,66,238
Switch_2,18,29,10158,68,237
Switch_2,18,33,10617,65,236
Switch_2,18,33,10205,67,234
Switch_2,19,33,10659,74,238
Switch_2,19,33,10810,70,237
Switch_2,19,31,10363,75,238
Switch_2,19,26,10959,65,238
Switch_2,19,33,10058,75,233
Switch_2,19,25,10804,73,234
Switch_2,19,27,10927,75,236
Switch_2,19,27,10957,67,232
Switch_2,20,25,10858,75,235
Switch_2,20,26,10130,73,236
Switch_2,20,32,10331,69,235
Switch_2,20,31,9965,65,234
Switch_2,20,31,10696,72,236
Switch_2,20,30,10665,69,232
Switch_2,20,30,10435,66,233
Switch_2,20,25,10572,67,233
Switch_2,21,25,9892,65,237
Switch_2,21,32,10915,74,232
Switch_2,21,26,10666,66,238
Switch_2,21,25,9856,68,238
Switch_2,21,32,10336,73,233
Switch_2,21,25,9859,74,235
Switch_2,21,28,10530,69,236
Switch_2,21,25,10263,67,238
Switch_2,22,30,10236,73,233
Switch_2,22,32,10737,69,232
Switch_2,22,30,10632,75,236
Switch_2,22,32,10703,75,232
Switch_2,22,26,10240,67,234
Switch_2,22,33,10164,69,238
Switch_2,22,26,10738,71,232
Switch_2,22,26,10656,68,233
Switch_2,23,29,10635,71,238
Switch_2,23,25,10594,74,236
Switch_2,23,27,10624,73,236
Switch_2,23,30,10008,70,238
Switch_2,23,29,10311,69,236
Switch_2,23,31,10742,72,232
Switch_2,23,25,10796,71,236
Switch_2,23,32,10392,74,237
Switch_2,24,32,10064,75,236
Switch_2,24,29,9918,73,237
Switch_2,24,27,10158,73,238
Switch_2,24,32,10976,69,232
Switch_2,24,25,10200,65,234
Switch_2,24,27,10803,73,237
Switch_2,24,26,10722,73,235
Switch_2,24,32,10339,75,233
Switch_2,25,32,10288,67,238
Switch_2,25,32,10089,73,232
Switch_2,25,31,9890,72,232
Switch_2,25,30,10086,73,234
Switch_2,25,30,10738,68,233
Switch_2,25,32,10081,69,233
Switch_2,25,33,10925,75,236
Switch_2,25,31,10880,71,238
Switch_2,26,30,10572,66,232
Switch_2,26,30,10308,74,238
Switch_2,26,28,10443,75,238
Switch_2,26,33,10807,75,234
Switch_2,26,25,10492,72,236
Switch_2,26,32,10101,69,235
Switch_2,26,33,10935,66,233
Switch_2,26,27,10279,72,234
Switch_2,27,26,10469,73,234
Switch_2,27,30,9949,65,232
Switch_2,27,30,10202,69,237
Switch_2,27,28,10197,73,236
Switch_2,27,29,10290,69,233
Switch_2,27,31,10141,70,233
Switch_2,27,28,9960,69,232
Switch_2,27,27,10279,66,232
Switch_2,28,27,10878,72,233
Switch_2,28,29,10631,69,233
Switch_2,28,33,10156,67,232
Switch_2,28,31,10695,68,232
Switch_2,28,25,10687,72,238
Switch_2,28,26,10031,70,233
Switch_2,28,30,10224,73,233
Switch_2,28,28,9901,66,232
Switch_2,29,26,10148,66,234
Switch_2,29,27,10404,69,235
Switch_2,29,27,10392,68,233
Switch_2,29,25,10124,70,237
Switch_2,29,26,10114,74,235
Switch_2,29,33,10765,70,237
Switch_2,29,29,10335,73,234
Switch_2,29,32,10017,70,232
Switch_2,30,28,10810,74,238
Switch_2,30,33,10251,71,236
Switch_2,30,29,10977,65,238
Switch_2,30,31,9957,71,233
Switch_2,30,26,10797,75,236
Switch_2,30,25,9878,73,232
Switch_2,30,27,10214,65,233
Switch_2,30,31,10053,69,232
Switch_2,1,26,10223,67,238
Switch_2,1,33,9812,65,237
Switch_2,1,32,10112,65,232
Switch_2,1,29,10327,72,234
Switch_2,1,31,10051,72,232
Switch_2,1,28,10204,71,238
Switch_2,1,28,10333,67,237
Switch_2,1,28,9851,69,237
Switch_2,2,32,10448,72,234
Switch_2,2,26,10741,65,234
Switch_2,2,33,10512,74,233
Switch_2,2,27,10947,74,236
Switch_2,2,25,10845,68,233
Switch_2,2,32,10059,69,233
Switch_2,2,27,10568,71,234
Switch_2,2,25,10849,66,235
Switch_2,3,30,9976,74,234
Switch_2,3,26,9907,67,237
Switch_2,3,32,10816,65,233
Switch_2,3,25,10517,67,236
Switch_2,3,30,9877,75,232
Switch_2,3,28,10644,66,233
Switch_2,3,33,10050,66,232
Switch_2,3,27,10548,70,233
Switch_2,4,31,10131,69,236
Switch_2,4,26,10164,66,234
Switch_2,4,30,10476,73,234
Switch_2,4,27,10239,72,238
Switch_2,4,33,10016,74,233
Switch_2,4,28,10079,67,237
Switch_2,4,27,10768,72,235
Switch_2,4,28,10488,70,233
Switch_2,5,28,9936,68,233
Switch_2,5,31,9984,69,238
Switch_2,5,31,9831,65,235
Switch_2,5,26,10459,74,237
Switch_2,5,30,10971,67,236
Switch_2,5,33,10318,66,236
Switch_2,5,25,10529,70,233
Switch_2,5,32,10656,65,232
Switch_2,6,27,10802,69,234
Switch_2,6,27,10493,70,232
Switch_2,6,27,10689,65,234
Switch_2,6,32,10319,69,238
Switch_2,6,33,10667,75,236
Switch_2,6,32,10232,68,233
Switch_2,6,25,9974,71,236
Switch_2,6,25,10370,70,237
Switch_2,7,25,10764,70,232
Switch_2,7,33,10325,68,234
Switch_2,7,30,10258,74,236
Switch_2,7,32,10718,66,238
Switch_2,7,30,10146,68,238
Switch_2,7,31,10280,66,236
Switch_2,7,32,10221,74,238
Switch_2,7,29,10401,68,233
Switch_2,8,25,9974,70,238
Switch_2,8,33,9809,75,233
Switch_2,8,27,10729,72,238
Switch_2,8,31,10732,65,235
Switch_2,8,32,10715,72,233
Switch_2,8,31,10059,67,238
Switch_2,8,33,10187,73,234
Switch_2,8,28,10482,66,237
Switch_2,9,33,10523,74,236
Switch_2,9,29,10296,74,236
Switch_2,9,25,10779,66,237
Switch_2,9,25,10297,65,236
Switch_2,9,31,9984,73,233
Switch_2,9,30,10262,71,233
Switch_2,9,26,10448,67,236
Switch_2,9,25,10999,65,234
Switch_2,10,26,10244,73,235
Switch_2,10,25,10189,72,233
Switch_2,10,31,10075,70,236
Switch_2,10,28,10799,70,238
Switch_2,10,32,10499,69,238
Switch_2,10,27,9975,72,235
Switch_2,10,30,10787,73,236
Switch_2,10,27,10219,69,235
Switch_2,11,25,10565,74,235
Switch_2,11,27,10899,72,237
Switch_2,11,27,10128,74,235
Switch_2,11,29,10772,70,232
Switch_2,11,25,10015,74,232
Switch_2,11,31,10293,71,235
Switch_2,11,25,10298,70,233
Switch_2,11,25,10618,74,233
Switch_2,12,27,9888,73,235
Switch_2,12,29,9853,71,236
Switch_2,12,33,10881,69,237
Switch_2,12,25,10205,71,238
Switch_2,12,30,9969,71,235
Switch_2,12,29,9908,65,235
Switch_2,12,33,10102,74,233
Switch_2,12,31,10503,72,236
Switch_2,13,33,10357,74,233
Switch_2,13,30,9886,73,237
Switch_2,13,32,10035,74,234
Switch_2,13,32,10476,69,236
Switch_2,13,27,10424,75,232
Switch_2,13,27,10980,69,236
Switch_2,13,33,10902,68,233
Switch_2,13,25,10800,71,234
Switch_2,14,26,10001,65,236
Switch_2,14,28,10141,70,237
Switch_2,14,33,10418,67,235
Switch_2,14,29,10892,66,232
Switch_2,14,32,10002,67,238
Switch_2,14,29,10823,70,236
Switch_2,14,33,10691,68,238
Switch_2,14,29,10691,65,236
Switch_2,15,25,10105,67,232
Switch_2,15,26,10490,66,233
Switch_2,15,31,10352,65,236
Switch_2,15,28,10130,71,238
Switch_2,15,26,10601,65,236
Switch_2,15,28,10446,69,235
Switch_2,15,29,10520,71,237
Switch_2,15,28,10168,73,237
Switch_2,16,27,10199,67,236
Switch_2,16,31,9835,69,233
Switch_2,16,28,10658,67,238
Switch_2,16,32,10995,70,232
Switch_2,16,27,10184,67,238
Switch_2,16,28,10883,65,234
Switch_2,16,27,10411,67,236
Switch_2,16,25,10427,72,233
Switch_2,17,25,10441,65,233
Switch_2,17,25,10020,69,238
Switch_2,17,25,9929,67,235
Switch_2,17,28,10708,67,236
Switch_2,17,28,10969,65,234
Switch_2,17,28,9808,66,235
Switch_2,17,26,10079,74,237
Switch_2,17,27,10707,75,235
Switch_2,18,25,10076,65,236
Switch_2,18,26,9976,72,233
Switch_2,18,31,10262,67,238
Switch_2,18,26,10842,70,238
Switch_2,18,31,10735,72,238
Switch_2,18,33,10302,69,238
Switch_2,18,25,10010,65,232
Switch_2,18,30,10302,72,234
Switch_2,19,28,10508,66,232
Switch_2,19,29,10164,75,232
Switch_2,19,25,10741,68,235
Switch_2,19,29,10694,73,236
Switch_2,19,27,10508,73,235
Switch_2,19,26,10599,75,238
Switch_2,19,32,10788,65,234
Switch_2,19,27,9984,71,233
Switch_2,20,32,10373,68,232
Switch_2,20,32,9864,71,237
Switch_2,20,32,10600,75,235
Switch_2,20,26,9903,71,236
Switch_2,20,33,10492,71,234
Switch_2,20,31,10947,67,234
Switch_2,20,26,9844,68,234
Switch_2,20,32,10999,71,232
Switch_2,21,30,10453,67,236
Switch_2,21,25,10397,65,237
Switch_2,21,25,10455,68,232
Switch_2,21,30,10683,65,237
Switch_2,21,29,9875,68,233
Switch_2,21,27,10472,72,233
Switch_2,21,26,10789,72,238
Switch_2,21,26,10566,72,232
Switch_2,22,30,10920,67,234
Switch_2,22,31,10278,69,237
Switch_2,22,28,9994,67,238
Switch_2,22,30,10107,66,236
Switch_2,22,30,10634,68,233
Switch_2,22,26,10076,69,232
Switch_2,22,30,10365,72,235
Switch_2,22,27,10567,73,236
Switch_2,23,29,10087,70,236
Switch_2,23,26,10831,65,232
Switch_2,23,32,10030,71,234
Switch_2,23,25,10992,72,234
Switch_2,23,31,10231,73,238
Switch_2,23,29,10348,74,236
Switch_2,23,29,10092,70,232
Switch_2,23,31,10277,71,238
Switch_2,24,30,10410,72,235
Switch_2,24,33,10882,66,232
Switch_2,24,28,10336,74,234
Switch_2,24,29,10623,74,232
Switch_2,24,33,10416,74,237
Switch_2,24,26,10529,73,232
Switch_2,24,27,9817,66,237
Switch_2,24,26,10754,75,235
Switch_2,25,29,10735,75,233
Switch_2,25,32,10761,74,234
Switch_2,25,33,10821,73,233
Switch_2,25,30,10142,70,232
Switch_2,25,26,9994,72,237
Switch_2,25,30,10900,68,236
Switch_2,25,27,10051,74,236
Switch_2,25,31,10616,71,236
Switch_2,26,33,10668,66,232
Switch_2,26,26,10777,72,232
Switch_2,26,27,10086,72,235
Switch_2,26,31,10181,69,233
Switch_2,26,30,10030,71,235
Switch_2,26,26,9919,66,232
Switch_2,26,33,10262,70,236
Switch_2,26,25,10675,66,238
Switch_2,27,33,10075,68,238
Switch_2,27,32,10714,72,234
Switch_2,27,30,9947,65,236
Switch_2,27,30,10104,73,233
Switch_2,27,25,10507,72,234
Switch_2,27,30,10703,67,237
Switch_2,27,28,10554,66,236
Switch_2,27,28,10277,67,236
Switch_2,28,33,10118,71,238
Switch_2,28,25,10076,66,235
Switch_2,28,30,10718,70,234
Switch_2,28,25,9924,74,238
Switch_2,28,26,9915,74,234
Switch_2,28,29,9997,71,235
Switch_2,28,26,10953,74,233
Switch_2,28,28,10882,68,234
Switch_2,29,30,10322,74,238
Switch_2,29,27,10052,72,235
Switch_2,29,31,10351,73,236
Switch_2,29,25,10791,65,234
Switch_2,29,33,10887,66,236
Switch_2,29,31,10649,75,238
Switch_2,29,27,10629,72,235
Switch_2,29,33,9987,68,234
Switch_2,30,28,10851,69,232
Switch_2,30,29,10578,65,234
Switch_2,30,27,10015,67,233
Switch_2,30,25,9992,67,233
Switch_2,30,29,9979,69,236
Switch_2,30,32,10143,66,238
Switch_2,30,31,10287,72,236
Switch_2,30,32,10693,69,234
Switch_2,31,30,10762,69,232
Switch_2,31,32,10645,66,233
Switch_2,31,33,9990,73,238
Switch_2,31,29,10565,74,234
Switch_2,31,25,10182,73,235
Switch_2,31,31,10688,68,232
Switch_2,31,27,10892,68,237
Switch_2,31,32,10724,73,236
Switch_2,1,26,10764,65,235
Switch_2,1,25,9993,70,237
Switch_2,1,31,10883,70,235
Switch_2,1,28,10775,68,238
Switch_2,1,25,9990,65,234
Switch_2,1,31,10739,66,237
Switch_2,1,26,10967,69,233
Switch_2,1,29,10103,70,238
Switch_2,2,27,9972,69,236
Switch_2,2,31,10421,65,237
Switch_2,2,30,10003,72,236
Switch_2,2,28,10296,68,232
Switch_2,2,31,9891,69,234
Switch_2,2,29,10839,71,238
Switch_2,2,27,10171,75,237
Switch_2,2,30,10736,73,238
Switch_2,3,33,10254,67,237
Switch_2,3,27,10905,72,235
Switch_2,3,25,10155,72,235
Switch_2,3,25,10191,69,234
Switch_2,3,30,10207,70,233
Switch_2,3,25,10916,74,232
Switch_2,3,26,10053,66,238
Switch_2,3,29,10384,66,232
Switch_2,4,31,10186,69,237
Switch_2,4,28,10267,72,238
Switch_2,4,32,10419,70,234
Switch_2,4,27,10528,74,232
Switch_2,4,27,10079,75,237
Switch_2,4,31,10874,72,236
Switch_2,4,29,10667,71,237
Switch_2,4,27,9921,75,232
Switch_2,5,32,10086,70,238
Switch_2,5,28,10057,70,238
Switch_2,5,33,9958,74,236
Switch_2,5,29,10681,72,236
Switch_2,5,27,10658,73,233
Switch_2,5,25,10891,68,238
Switch_2,5,26,10172,68,233
Switch_2,5,27,10343,75,236
Switch_2,6,27,10707,73,235
Switch_2,6,28,10300,75,238
Switch_2,6,25,10224,69,235
Switch_2,6,32,10672,69,236
Switch_2,6,25,9882,72,236
Switch_2,6,28,10005,66,236
Switch_2,6,26,10371,65,238
Switch_2,6,33,9978,72,235
Switch_2,7,27,10462,70,237
Switch_2,7,25,10894,75,237
Switch_2,7,29,10793,66,236
Switch_2,7,31,10665,65,237
Switch_2,7,28,10229,69,236
Switch_2,7,28,9996,67,232
Switch_2,7,30,10724,74,237
Switch_2,7,28,9901,74,234
Switch_2,8,30,10227,75,233
Switch_2,8,25,10670,71,233
Switch_2,8,26,10741,72,237
Switch_2,8,25,10895,69,232
Switch_2,8,32,10543,75,237
Switch_2,8,26,10983,74,233
Switch_2,8,27,10086,70,238
Switch_2,8,25,10662,74,236
Switch_2,9,28,10041,72,235
Switch_2,9,33,10510,68,238
Switch_2,9,28,10149,65,234
Switch_2,9,32,9835,70,232
Switch_2,9,26,10417,73,237
Switch_2,9,29,9830,65,234
Switch_2,9,25,10076,66,232
Switch_2,9,28,10556,73,237
Switch_2,10,30,10731,68,235
Switch_2,10,29,10115,69,234
Switch_2,10,26,10397,66,234
Switch_2,10,31,10651,67,234
Switch_2,10,33,10282,67,236
Switch_2,10,25,10246,65,234
Switch_2,10,31,10757,67,233
Switch_2,10,32,9822,74,236
Switch_2,11,32,10441,70,236
Switch_2,11,31,10308,69,234
Switch_2,11,32,10175,73,237
Switch_2,11,26,10643,74,233
Switch_2,11,26,10395,68,234
Switch_2,11,30,10288,75,235
Switch_2,11,29,10351,73,236
Switch_2,11,26,10905,74,237
Switch_2,12,30,9853,72,233
Switch_2,12,25,10370,74,236
Switch_2,12,30,9960,71,237
Switch_2,12,33,9832,72,234
Switch_2,12,25,10295,68,238
Switch_2,12,31,10699,65,238
Switch_2,12,27,10108,66,234
Switch_2,12,29,9963,67,235
Switch_2,13,32,9971,68,238
Switch_2,13,30,10463,71,237
Switch_2,13,27,10911,66,238
Switch_2,13,29,9938,70,233
Switch_2,13,30,10896,73,234
Switch_2,13,29,10490,74,232
Switch_2,13,26,10080,72,233
Switch_2,13,32,10136,72,233
Switch_2,14,28,10861,72,234
Switch_2,14,28,10697,71,236
Switch_2,14,26,10595,73,233
Switch_2,14,27,10749,72,233
Switch_2,14,33,10998,66,232
Switch_2,14,32,10436,70,238
Switch_2,14,27,10608,65,236
Switch_2,14,33,10372,67,236
Switch_2,15,32,10323,66,232
Switch_2,15,31,10216,73,232
Switch_2,15,31,10754,68,232
Switch_2,15,25,10879,65,237
Switch_2,15,25,10455,67,235
Switch_2,15,29,10001,71,237
Switch_2,15,29,10827,69,236
Switch_2,15,27,10989,73,238
Switch_2,16,31,10012,72,232
Switch_2,16,27,10602,66,238
Switch_2,16,33,10771,68,236
Switch_2,16,26,10457,73,235
Switch_2,16,30,10205,73,238
Switch_2,16,28,10090,75,234
Switch_2,16,27,10606,71,235
Switch_2,16,28,10395,69,233
Switch_2,17,31,10954,72,234
Switch_2,17,28,10934,75,233
Switch_2,17,25,10811,70,233
Switch_2,17,25,10625,75,232
Switch_2,17,25,10253,71,234
Switch_2,17,33,9870,66,235
Switch_2,17,30,10600,68,238
Switch_2,17,31,10082,70,238
Switch_2,18,30,10266,73,232
Switch_2,18,31,9956,66,236
Switch_2,18,32,10388,70,237
Switch_2,18,27,10730,69,237
Switch_2,18,30,10062,65,232
Switch_2,18,31,10353,67,238
Switch_2,18,33,10801,67,234
Switch_2,18,26,10887,73,236
Switch_2,19,29,10305,70,237
Switch_2,19,26,10707,70,236
Switch_2,19,26,10083,67,232
Switch_2,19,28,9869,73,238
Switch_2,19,33,10530,74,232
Switch_2,19,31,10879,73,237
Switch_2,19,25,10923,68,237
Switch_2,19,29,9816,74,232
Switch_2,20,33,9975,69,233
Switch_2,20,31,10932,70,232
Switch_2,20,33,9891,72,232
Switch_2,20,25,9895,68,232
Switch_2,20,32,10969,73,236
Switch_2,20,30,10237,68,236
Switch_2,20,28,10001,70,232
Switch_2,20,28,10673,68,234
Switch_2,21,29,10696,68,234
Switch_2,21,31,10241,73,237
Switch_2,21,29,10702,71,238
Switch_2,21,28,10752,68,237
Switch_2,21,33,9898,66,235
Switch_2,21,25,10880,66,234
Switch_2,21,26,10216,75,232
Switch_2,21,33,10333,73,234
Switch_2,22,33,10995,68,235
Switch_2,22,33,10497,75,238
Switch_2,22,28,10839,65,233
Switch_2,22,26,10298,73,237
Switch_2,22,29,10420,73,236
Switch_2,22,33,10558,65,232
Switch_2,22,26,10471,65,237
Switch_2,22,25,10332,72,233
Switch_2,23,31,10308,70,238
Switch_2,23,26,10411,67,235
Switch_2,23,30,10179,72,233
Switch_2,23,30,10955,73,238
Switch_2,23,33,10571,70,237
Switch_2,23,31,10929,72,236
Switch_2,23,31,10372,74,238
Switch_2,23,33,10679,69,232
Switch_2,24,26,10380,68,237
Switch_2,24,30,10220,67,238
Switch_2,24,33,10277,75,233
Switch_2,24,30,10721,69,236
Switch_2,24,30,10919,75,236
Switch_2,24,26,10118,69,232
Switch_2,24,25,10465,74,233
Switch_2,24,33,10231,66,232
Switch_2,25,26,10528,68,235
Switch_2,25,27,10511,68,233
Switch_2,25,28,10125,75,236
Switch_2,25,29,10025,72,232
Switch_2,25,27,10861,70,233
Switch_2,25,32,10833,73,234
Switch_2,25,27,10753,67,235
Switch_2,25,25,9834,74,236
Switch_2,26,29,10568,71,237
Switch_2,26,25,10657,69,235
Switch_2,26,32,10306,70,234
Switch_2,26,27,10230,73,234
Switch_2,26,25,10643,67,237
Switch_2,26,28,9935,74,236
Switch_2,26,28,10654,67,238
Switch_2,26,25,10119,71,233
Switch_2,27,32,10546,75,236
Switch_2,27,27,10506,72,235
Switch_2,27,31,10089,72,238
Switch_2,27,28,10297,75,233
Switch_2,27,32,10403,72,235
Switch_2,27,26,9828,69,238
Switch_2,27,29,10932,69,238
Switch_2,27,25,10879,73,235
Switch_2,28,29,10186,69,233
Switch_2,28,32,10313,65,238
Switch_2,28,33,10560,70,235
Switch_2,28,29,9860,70,238
Switch_2,28,32,10474,69,237
Switch_2,28,28,10227,71,234
Switch_2,28,27,10549,65,237
Switch_2,28,29,9834,73,236
Switch_2,29,29,10720,70,236
Switch_2,29,28,10767,67,238
Switch_2,29,32,10643,65,234
Switch_2,29,31,9863,66,237
Switch_2,29,28,9867,66,237
Switch_2,29,33,10630,72,235
Switch_2,29,29,9963,75,232
Switch_2,29,28,10157,74,232
Switch_2,30,30,10432,67,234
Switch_2,30,30,9956,73,234
Switch_2,30,33,10949,74,234
Switch_2,30,25,9837,75,237
Switch_2,30,33,10965,70,233
Switch_2,30,33,10986,73,232
Switch_2,30,27,10734,71,233
Switch_2,30,30,10540,73,233
Switch_3,1,27,10606,72,234
Switch_3,1,28,10068,74,232
Switch_3,1,27,10609,74,234
Switch_3,1,27,9974,70,235
Switch_3,1,27,10032,72,238
Switch_3,1,26,9820,67,232
Switch_3,1,31,10400,65,232
Switch_3,1,25,10817,73,237
Switch_3,2,26,10911,74,237
Switch_3,2,29,10967,65,233
Switch_3,2,27,9903,67,232
Switch_3,2,32,10332,69,237
Switch_3,2,25,10192,75,236
Switch_3,2,32,10351,73,237
Switch_3,2,26,10261,68,235
Switch_3,2,32,10917,71,235
Switch_3,3,25,10824,69,232
Switch_3,3,33,11000,70,232
Switch_3,3,31,10601,74,237
Switch_3,3,32,10838,65,234
Switch_3,3,30,10199,72,234
Switch_3,3,27,10596,68,236
Switch_3,3,29,9819,74,235
Switch_3,3,25,10079,71,236
Switch_3,4,33,10797,74,236
Switch_3,4,31,10943,75,235
Switch_3,4,33,10544,74,238
Switch_3,4,27,10009,69,236
Switch_3,4,32,10011,67,235
Switch_3,4,27,10238,74,238
Switch_3,4,29,9840,75,232
Switch_3,4,32,10884,74,236
Switch_3,5,28,9969,67,235
Switch_3,5,30,10605,68,235
Switch_3,5,32,10793,67,233
Switch_3,5,33,10493,71,238
Switch_3,5,33,10650,72,233
Switch_3,5,25,10329,71,234
Switch_3,5,26,9884,69,236
Switch_3,5,30,9904,67,237
Switch_3,6,25,9984,65,236
Switch_3,6,27,10959,68,232
Switch_3,6,28,10348,71,232
Switch_3,6,26,10036,68,232
Switch_3,6,29,10940,67,234
Switch_3,6,26,10575,73,234
Switch_3,6,29,10020,73,233
Switch_3,6,32,10727,73,234
Switch_3,7,29,10058,65,237
Switch_3,7,25,10146,65,238
Switch_3,7,29,10736,67,234
Switch_3,7,33,10516,65,238
Switch_3,7,30,10471,69,233
Switch_3,7,29,10180,72,235
Switch_3,7,33,10159,66,235
Switch_3,7,26,9883,73,232
Switch_3,8,29,10750,71,236
Switch_3,8,30,10282,72,237
Switch_3,8,26,10361,70,236
Switch_3,8,32,10441,67,233
Switch_3,8,27,10351,68,234
Switch_3,8,30,10109,73,237
Switch_3,8,32,10527,65,236
Switch_3,8,29,10014,68,233
Switch_3,9,31,10312,75,233
Switch_3,9,33,10147,71,234
Switch_3,9,25,9848,73,235
Switch_3,9,33,10160,73,238
Switch_3,9,32,10310,74,237
Switch_3,9,26,9940,71,235
Switch_3,9,30,10104,74,234
Switch_3,9,28,10200,74,236
Switch_3,10,31,10806,73,235
Switch_3,10,28,10823,66,232
Switch_3,10,28,9809,65,233
Switch_3,10,26,10525,70,237
Switch_3,10,33,9978,66,237
Switch_3,10,33,10586,67,232
Switch_3,10,33,10863,69,236
Switch_3,10,28,10896,71,232
Switch_3,11,25,10511,68,237
Switch_3,11,32,10871,69,233
Switch_3,11,30,10740,66,237
Switch_3,11,31,10974,75,233
Switch_3,11,32,10645,73,232
Switch_3,11,30,10654,71,238
Switch_3,11,33,10120,68,232
Switch_3,11,29,10805,70,233
Switch_3,12,25,10100,65,233
Switch_3,12,30,10555,67,236
Switch_3,12,31,10367,67,238
Switch_3,12,33,10042,70,232
Switch_3,12,33,10477,73,235
Switch_3,12,32,10706,68,233
Switch_3,12,28,9836,72,234
Switch_3,12,31,10828,73,238
Switch_3,13,31,10466,65,233
Switch_3,13,25,9928,67,238
Switch_3,13,32,10695,67,234
Switch_3,13,26,10632,65,236
Switch_3,13,29,10990,70,232
Switch_3,13,29,10101,69,233
Switch_3,13,30,10844,71,236
Switch_3,13,25,10155,68,236
Switch_3,14,29,10175,67,232
Switch_3,14,25,10644,67,233
Switch_3,14,32,10720,70,232
Switch_3,14,28,10058,68,233
Switch_3,14,30,10050,68,232
Switch_3,14,32,10684,65,237
Switch_3,14,33,10098,73,235
Switch_3,14,27,9804,67,238
Switch_3,15,25,10526,74,232
Switch_3,15,31,10622,71,236
Switch_3,15,26,10723,72,232
Switch_3,15,31,10375,67,235
Switch_3,15,27,10653,70,232
Switch_3,15,28,10251,71,232
Switch_3,15,33,9804,70,232
Switch_3,15,32,10243,72,236
Switch_3,16,30,10198,67,232
Switch_3,16,29,10619,68,238
Switch_3,16,32,10288,75,233
Switch_3,16,27,10971,66,236
Switch_3,16,29,10439,72,236
Switch_3,16,26,10304,71,234
Switch_3,16,27,9875,70,237
Switch_3,16,27,10363,65,235
Switch_3,17,26,10981,68,237
Switch_3,17,28,10578,74,233
Switch_3,17,28,9978,70,235
Switch_3,17,32,10498,67,236
Switch_3,17,26,9886,66,238
Switch_3,17,27,9842,69,233
Switch_3,17,25,9866,73,234
Switch_3,17,31,10968,67,233
Switch_3,18,33,10044,65,232
Switch_3,18,29,9947,66,235
Switch_3,18,32,10442,75,232
Switch_3,18,28,9966,72,237
Switch_3,18,26,10039,75,232
Switch_3,18,29,10107,69,238
Switch_3,18,26,10471,69,232
Switch_3,18,33,10853,75,235
Switch_3,19,26,10346,65,236
Switch_3,19,25,10264,69,232
Switch_3,19,27,10810,67,237
Switch_3,19,26,10010,71,235
Switch_3,19,27,10359,73,237
Switch_3,19,29,9963,74,232
Switch_3,19,27,9916,70,237
Switch_3,19,28,10301,73,237
Switch_3,20,27,10262,73,234
Switch_3,20,29,10645,71,232
Switch_3,20,31,10152,65,233
Switch_3,20,25,10227,75,232
Switch_3,20,32,10249,65,237
Switch_3,20,25,10573,69,232
Switch_3,20,26,10121,65,236
Switch_3,20,26,10983,74,237
Switch_3,21,29,10157,69,238
Switch_3,21,33,10209,68,233
Switch_3,21,29,10846,70,238
Switch_3,21,30,9903,69,237
Switch_3,21,30,10222,67,236
Switch_3,21,31,10996,72,236
Switch_3,21,30,10868,66,237
Switch_3,21,30,10931,67,234
Switch_3,22,27,10478,69,238
Switch_3,22,27,9834,66,233
Switch_3,22,28,10651,66,233
Switch_3,22,27,10542,69,232
Switch_3,22,25,10918,69,234
Switch_3,22,29,10614,74,237
Switch_3,22,32,10531,72,236
Switch_3,22,33,10974,69,235
Switch_3,23,32,10255,66,234
Switch_3,23,31,9990,73,236
Switch_3,23,27,10874,71,238
Switch_3,23,29,10396,69,235
Switch_3,23,29,10824,69,234
Switch_3,23,30,9808,65,237
Switch_3,23,30,10599,70,234
Switch_3,23,26,9962,67,232
Switch_3,24,25,9838,68,232
Switch_3,24,29,10974,70,236
Switch_3,24,29,10019,74,233
Switch_3,24,28,10896,65,238
Switch_3,24,32,10400,74,237
Switch_3,24,32,10320,70,234
Switch_3,24,27,10667,70,237
Switch_3,24,33,11000,66,233
Switch_3,25,32,9987,75,236
Switch_3,25,30,10496,72,237
Switch_3,25,31,10553,71,238
Switch_3,25,32,10291,72,234
Switch_3,25,32,10370,72,238
Switch_3,25,33,9917,70,236
Switch_3,25,30,10523,66,235
Switch_3,25,26,9988,66,234
Switch_3,26,29,10603,65,237
Switch_3,26,31,9802,68,233
Switch_3,26,31,10994,65,232
Switch_3,26,25,10707,65,235
Switch_3,26,30,10709,73,234
Switch_3,26,27,10299,71,232
Switch_3,26,33,10954,66,235
Switch_3,26,27,10705,72,238
Switch_3,27,29,10866,68,235
Switch_3,27,28,10411,69,236
Switch_3,27,29,10744,72,234
Switch_3,27,29,9984,71,237
Switch_3,27,25,10363,75,235
Switch_3,27,27,9949,69,236
Switch_3,27,29,10231,68,232
Switch_3,27,26,10328,67,233
Switch_3,28,32,9978,66,235
Switch_3,28,31,10226,69,233
Switch_3,28,26,10695,73,235
Switch_3,28,32,10032,70,232
Switch_3,28,30,10310,73,234
Switch_3,28,28,10676,73,237
Switch_3,28,29,10829,66,235
Switch_3,28,29,10615,74,237
Switch_3,29,27,10497,74,237
Switch_3,29,31,10713,68,234
Switch_3,29,33,10990,65,235
Switch_3,29,29,10508,74,234
Switch_3,29,32,10121,70,234
Switch_3,29,28,10041,68,232
Switch_3,29,30,10419,72,232
Switch_3,29,33,10256,66,234
Switch_3,30,28,10568,68,233
Switch_3,30,26,10688,67,235
Switch_3,30,25,10763,72,234
Switch_3,30,25,10059,65,232
Switch_3,30,31,10963,72,235
Switch_3,30,26,10894,72,235
Switch_3,30,25,10265,67,232
Switch_3,30,30,10626,74,236
Switch_3,1,33,9953,75,234
Switch_3,1,25,9881,65,235
Switch_3,1,26,10647,73,233
Switch_3,1,27,10864,66,233
Switch_3,1,28,10879,72,233
Switch_3,1,28,10495,70,237
Switch_3,1,25,10706,67,236
Switch_3,1,30,10694,73,232
Switch_3,2,25,10042,70,233
Switch_3,2,27,10646,69,233
Switch_3,2,29,10468,69,235
Switch_3,2,29,9982,66,235
Switch_3,2,27,10049,66,235
Switch_3,2,25,10946,68,232
Switch_3,2,25,9854,73,232
Switch_3,2,26,10493,66,236
Switch_3,3,32,9945,71,233
Switch_3,3,27,9896,68,232
Switch_3,3,25,10817,74,238
Switch_3,3,27,10542,70,235
Switch_3,3,31,10089,67,237
Switch_3,3,32,10459,67,235
Switch_3,3,26,10612,66,237
Switch_3,3,30,10175,75,236
Switch_3,4,32,10726,65,238
Switch_3,4,32,10262,73,235
Switch_3,4,33,10541,69,234
Switch_3,4,33,10126,68,235
Switch_3,4,31,10480,68,232
Switch_3,4,32,9803,75,235
Switch_3,4,28,10118,69,232
Switch_3,4,32,10330,68,237
Switch_3,5,27,10706,71,235
Switch_3,5,32,10113,75,233
Switch_3,5,33,10205,74,237
Switch_3,5,25,10206,70,234
Switch_3,5,30,9930,72,238
Switch_3,5,27,10677,75,233
Switch_3,5,30,10463,65,232
Switch_3,5,32,10641,71,237
Switch_3,6,26,10551,72,234
Switch_3,6,29,10227,69,238
Switch_3,6,28,10208,72,238
Switch_3,6,28,10811,72,232
Switch_3,6,29,10983,66,235
Switch_3,6,32,10491,72,238
Switch_3,6,25,10921,70,238
Switch_3,6,28,10381,70,234
Switch_3,7,28,10724,73,236
Switch_3,7,27,10558,66,232
Switch_3,7,33,10894,74,235
Switch_3,7,29,10427,68,236
Switch_3,7,28,10986,75,233
Switch_3,7,28,10596,74,234
Switch_3,7,31,9882,73,235
Switch_3,7,26,10369,68,234
Switch_3,8,26,10855,70,238
Switch_3,8,28,10279,66,233
Switch_3,8,29,10024,75,234
Switch_3,8,32,10416,71,235
Switch_3,8,30,10057,74,232
Switch_3,8,33,10463,71,235
Switch_3,8,32,10240,69,236
Switch_3,8,30,10269,67,233
Switch_3,9,33,9886,72,237
Switch_3,9,31,10984,74,235
Switch_3,9,29,10488,65,235
Switch_3,9,32,10330,67,235
Switch_3,9,29,10352,74,238
Switch_3,9,28,10512,66,234
Switch_3,9,29,10472,73,233
Switch_3,9,28,9835,65,234
Switch_3,10,31,10576,68,234
Switch_3,10,32,10381,67,232
Switch_3,10,33,10175,73,238
Switch_3,10,25,10217,65,234
Switch_3,10,33,9817,65,237
Switch_3,10,31,10466,70,237
Switch_3,10,28,10120,75,238
Switch_3,10,26,10902,72,235
Switch_3,11,33,10566,75,236
Switch_3,11,31,10322,72,236
Switch_3,11,28,9940,70,236
Switch_3,11,28,10984,66,235
Switch_3,11,29,10183,65,234
Switch_3,11,31,10167,70,235
Switch_3,11,25,10883,67,238
Switch_3,11,25,10247,75,238
Switch_3,12,31,10347,72,237
Switch_3,12,33,10357,72,235
Switch_3,12,33,10792,70,232
Switch_3,12,27,10700,65,236
Switch_3,12,26,10123,70,237
Switch_3,12,25,10362,73,238
Switch_3,12,32,10116,75,238
Switch_3,12,25,10248,65,237
Switch_3,13,31,10367,74,237
Switch_3,13,33,10132,74,237
Switch_3,13,31,10937,67,234
Switch_3,13,33,10365,71,232
Switch_3,13,30,9933,74,232
Switch_3,13,28,10254,72,238
Switch_3,13,27,10992,66,237
Switch_3,13,28,10576,67,233
Switch_3,14,33,10288,69,235
Switch_3,14,26,10406,68,233
Switch_3,14,31,10062,67,236
Switch_3,14,26,9955,72,236
Switch_3,14,30,10078,74,235
Switch_3,14,31,10944,74,234
Switch_3,14,30,9831,70,232
Switch_3,14,26,10217,72,234
Switch_3,15,30,10313,71,232
Switch_3,15,28,10298,74,235
Switch_3,15,28,10383,68,232
Switch_3,15,29,10650,69,237
Switch_3,15,27,10757,73,238
Switch_3,15,33,10244,71,237
Switch_3,15,25,9822,70,233
Switch_3,15,32,10076,75,236
Switch_3,16,28,10342,72,235
Switch_3,16,30,10073,74,237
Switch_3,16,28,10342,66,232
Switch_3,16,33,10986,68,236
Switch_3,16,33,10558,72,236
Switch_3,16,33,9944,69,234
Switch_3,16,32,10078,69,236
Switch_3,16,33,10647,68,235
Switch_3,17,33,9830,75,234
Switch_3,17,30,10912,69,235
Switch_3,17,29,10145,70,238
Switch_3,17,33,9834,75,233
Switch_3,17,33,10062,70,237
Switch_3,17,26,10760,67,236
Switch_3,17,32,10251,66,235
Switch_3,17,27,10894,71,238
Switch_3,18,28,10392,67,236
Switch_3,18,30,9942,71,235
Switch_3,18,28,10594,65,238
Switch_3,18,33,10415,65,234
Switch_3,18,28,10102,65,232
Switch_3,18,31,10937,70,236
Switch_3,18,26,10970,75,232
Switch_3,18,31,10873,66,237
Switch_3,19,31,10643,65,238
Switch_3,19,30,9862,67,234
Switch_3,19,26,10509,67,234
Switch_3,19,29,10128,69,237
Switch_3,19,33,10107,71,235
Switch_3,19,27,10944,75,233
Switch_3,19,31,9996,68,238
Switch_3,19,27,10015,67,237
Switch_3,20,31,10700,71,236
Switch_3,20,26,9859,66,237
Switch_3,20,28,10706,69,232
Switch_3,20,33,10773,69,234
Switch_3,20,32,10280,71,236
Switch_3,20,33,10190,67,233
Switch_3,20,33,9904,73,237
Switch_3,20,28,10900,70,234
Switch_3,21,26,10974,68,236
Switch_3,21,26,10168,69,233
Switch_3,21,30,10993,66,238
Switch_3,21,32,10099,70,237
Switch_3,21,28,10287,70,237
Switch_3,21,28,10871,72,234
Switch_3,21,29,10092,69,232
Switch_3,21,32,10575,75,232
Switch_3,22,33,10752,74,233
Switch_3,22,31,10997,67,232
Switch_3,22,29,10814,74,234
Switch_3,22,27,10843,67,233
Switch_3,22,26,10276,70,234
Switch_3,22,28,9984,74,236
Switch_3,22,31,10267,74,235
Switch_3,22,28,9897,69,236
Switch_3,23,25,10603,66,233
Switch_3,23,27,10197,68,232
Switch_3,23,30,10928,68,237
Switch_3,23,25,10410,66,232
Switch_3,23,27,10279,69,235
Switch_3,23,30,10822,66,236
Switch_3,23,26,10262,68,234
Switch_3,23,25,10777,65,235
Switch_3,24,29,10498,71,232
Switch_3,24,32,10414,66,233
Switch_3,24,26,10096,68,235
Switch_3,24,30,9976,75,233
Switch_3,24,27,10700,66,238
Switch_3,24,26,10626,71,236
Switch_3,24,25,10165,70,234
Switch_3,24,28,9840,65,235
Switch_3,25,29,10955,69,233
Switch_3,25,31,10684,74,232
Switch_3,25,33,10653,69,238
Switch_3,25,27,10738,75,234
Switch_3,25,33,9936,71,238
Switch_3,25,32,10256,70,238
Switch_3,25,29,9955,74,234
Switch_3,25,31,9956,73,235
Switch_3,26,31,10279,72,235
Switch_3,26,26,10874,73,236
Switch_3,26,25,10293,73,238
Switch_3,26,28,10377,71,234
Switch_3,26,27,10299,74,238
Switch_3,26,29,9814,67,232
Switch_3,26,33,10873,66,238
Switch_3,26,25,10672,74,237
Switch_3,27,29,10164,72,232
Switch_3,27,26,10775,75,238
Switch_3,27,30,10100,72,236
Switch_3,27,25,10717,71,237
Switch_3,27,29,10076,70,235
Switch_3,27,26,9992,71,234
Switch_3,27,28,10730,69,238
Switch_3,27,32,10997,68,235
Switch_3,28,25,10156,68,235
Switch_3,28,25,10734,69,232
Switch_3,28,30,10278,66,232
Switch_3,28,33,9999,68,236
Switch_3,28,33,10320,68,238
Switch_3,28,26,10577,69,232
Switch_3,28,32,10191,69,236
Switch_3,28,31,10670,73,234
Switch_3,29,26,10135,68,237
Switch_3,29,25,10540,73,238
Switch_3,29,33,10639,67,237
Switch_3,29,30,10999,65,237
Switch_3,29,25,10593,70,237
Switch_3,29,26,10405,74,235
Switch_3,29,30,9812,72,237
Switch_3,29,32,10096,70,233
Switch_3,30,25,10961,69,233
Switch_3,30,33,10649,70,233
Switch_3,30,26,10063,75,232
Switch_3,30,29,9929,70,234
Switch_3,30,30,10355,73,237
Switch_3,30,31,10245,66,234
Switch_3,30,25,10692,75,236
Switch_3,30,31,10160,72,236
Switch_3,31,26,10743,69,232
Switch_3,31,33,10165,72,238
Switch_3,31,26,10977,69,232
Switch_3,31,33,10125,70,238
Switch_3,31,32,9825,68,236
Switch_3,31,33,10244,65,235
Switch_3,31,31,10568,67,236
Switch_3,31,28,9839,75,238
Switch_3,1,32,9921,73,237
Switch_3,1,28,10399,68,234
Switch_3,1,27,10281,75,232
Switch_3,1,32,10249,65,236
Switch_3,1,32,10267,68,235
Switch_3,1,31,10672,65,238
Switch_3,1,25,10833,65,232
Switch_3,1,26,9849,66,232
Switch_3,2,33,10118,71,237
Switch_3,2,31,10552,74,238
Switch_3,2,33,10093,73,234
Switch_3,2,30,10391,72,232
Switch_3,2,25,10383,69,237
Switch_3,2,29,10337,67,236
Switch_3,2,29,10118,74,237
Switch_3,2,26,10274,70,238
Switch_3,3,29,10115,73,233
Switch_3,3,32,10057,73,235
Switch_3,3,32,10146,73,238
Switch_3,3,28,9850,73,233
Switch_3,3,30,10696,75,233
Switch_3,3,29,10589,74,233
Switch_3,3,25,10735,74,232
Switch_3,3,25,10568,75,236
Switch_3,4,33,10364,74,232
Switch_3,4,27,10980,75,238
Switch_3,4,26,10678,69,234
Switch_3,4,28,10570,75,236
Switch_3,4,25,10683,65,236
Switch_3,4,30,9820,70,236
Switch_3,4,31,9834,68,234
Switch_3,4,29,10137,70,236
Switch_3,5,27,10965,75,234
Switch_3,5,31,9982,68,232
Switch_3,5,25,10029,74,235
Switch_3,5,29,10501,70,237
Switch_3,5,33,10880,71,232
Switch_3,5,26,10054,72,233
Switch_3,5,26,10740,71,238
Switch_3,5,29,10017,67,237
Switch_3,6,31,9800,74,233
Switch_3,6,27,10976,72,237
Switch_3,6,26,9856,70,235
Switch_3,6,31,10887,74,236
Switch_3,6,28,10196,75,232
Switch_3,6,29,10914,70,236
Switch_3,6,33,9821,75,236
Switch_3,6,33,10386,70,236
Switch_3,7,31,10827,74,233
Switch_3,7,25,9995,74,232
Switch_3,7,25,10447,66,238
Switch_3,7,30,10855,65,238
Switch_3,7,29,10107,69,237
Switch_3,7,30,10783,68,238
Switch_3,7,32,9896,73,233
Switch_3,7,30,9871,65,232
Switch_3,8,30,10266,70,238
Switch_3,8,25,10127,74,236
Switch_3,8,29,10780,74,232
Switch_3,8,29,9937,71,238
Switch_3,8,30,10068,66,232
Switch_3,8,26,10003,72,237
Switch_3,8,32,10031,75,236
Switch_3,8,28,10321,73,237
Switch_3,9,31,10316,73,234
Switch_3,9,31,10304,71,232
Switch_3,9,27,10468,73,234
Switch_3,9,26,9898,67,235
Switch_3,9,27,9822,65,237
Switch_3,9,28,10043,74,233
Switch_3,9,28,10659,68,238
Switch_3,9,25,10733,66,235
Switch_3,10,32,10703,73,235
Switch_3,10,31,10069,70,233
Switch_3,10,30,10457,68,235
Switch_3,10,33,10828,75,232
Switch_3,10,32,10976,75,232
Switch_3,10,26,10099,72,238
Switch_3,10,29,9959,68,234
Switch_3,10,33,10830,67,235
Switch_3,11,33,10235,67,235
Switch_3,11,25,10462,72,238
Switch_3,11,30,9886,65,232
Switch_3,11,31,10687,68,233
Switch_3,11,28,10238,72,232
Switch_3,11,33,10868,70,236
Switch_3,11,27,10616,70,237
Switch_3,11,28,10950,73,237
Switch_3,12,30,10074,71,234
Switch_3,12,28,10946,70,233
Switch_3,12,33,9836,72,232
Switch_3,12,29,10384,75,236
Switch_3,12,27,10202,66,237
Switch_3,12,31,9805,67,233
Switch_3,12,28,10954,73,236
Switch_3,12,25,10685,65,234
Switch_3,13,27,10987,71,232
Switch_3,13,31,10117,73,232
Switch_3,13,30,10780,70,237
Switch_3,13,31,10029,69,238
Switch_3,13,27,10515,67,237
Switch_3,13,33,10219,71,235
Switch_3,13,32,10214,68,238
Switch_3,13,26,10133,74,235
Switch_3,14,27,9842,69,232
Switch_3,14,31,10523,72,237
Switch_3,14,31,9854,71,237
Switch_3,14,28,10809,70,236
Switch_3,14,28,10585,74,238
Switch_3,14,26,10552,73,233
Switch_3,14,31,10381,73,237
Switch_3,14,28,9826,68,234
Switch_3,15,30,11000,71,238
Switch_3,15,26,10728,74,238
Switch_3,15,28,10816,72,237
Switch_3,15,27,10180,73,232
Switch_3,15,32,10681,66,233
Switch_3,15,31,9827,69,232
Switch_3,15,27,10369,68,232
Switch_3,15,32,10577,74,232
Switch_3,16,29,10799,70,233
Switch_3,16,33,10696,68,238
Switch_3,16,31,9952,73,235
Switch_3,16,28,10051,72,238
Switch_3,16,29,10279,68,238
Switch_3,16,30,10521,68,238
Switch_3,16,33,10124,74,236
Switch_3,16,29,10728,69,238
Switch_3,17,28,10322,74,236
Switch_3,17,27,10983,74,235
Switch_3,17,28,10473,65,237
Switch_3,17,30,10051,73,236
Switch_3,17,31,10334,72,232
Switch_3,17,30,10123,72,237
Switch_3,17,30,10968,66,233
Switch_3,17,33,10805,65,235
Switch_3,18,33,10031,74,236
Switch_3,18,32,10861,65,235
Switch_3,18,27,10382,70,232
Switch_3,18,32,10446,69,235
Switch_3,18,29,9880,69,235
Switch_3,18,32,10890,72,238
Switch_3,18,30,10471,73,238
Switch_3,18,28,10805,71,235
Switch_3,19,30,10976,74,233
Switch_3,19,26,10942,68,237
Switch_3,19,26,10192,74,237
Switch_3,19,33,9949,69,236
Switch_3,19,33,9802,75,238
Switch_3,19,32,10704,67,233
Switch_3,19,33,10603,70,237
Switch_3,19,29,10441,74,236
Switch_3,20,26,10146,70,234
Switch_3,20,27,10556,70,234
Switch_3,20,33,10588,74,232
Switch_3,20,27,9906,71,236
Switch_3,20,25,10125,66,235
Switch_3,20,30,10802,65,238
Switch_3,20,30,10204,72,238
Switch_3,20,26,10966,75,233
Switch_3,21,25,10284,68,233
Switch_3,21,31,10647,65,232
Switch_3,21,33,10820,67,234
Switch_3,21,30,10765,72,238
Switch_3,21,26,10437,74,236
Switch_3,21,26,10718,65,236
Switch_3,21,33,10966,72,238
Switch_3,21,27,9864,72,236
Switch_3,22,28,10850,70,233
Switch_3,22,31,10556,68,232
Switch_3,22,33,10255,71,235
Switch_3,22,27,9981,65,233
Switch_3,22,31,10952,66,235
Switch_3,22,25,10692,75,238
Switch_3,22,28,10767,73,238
Switch_3,22,26,10740,75,234
Switch_3,23,33,9890,75,233
Switch_3,23,33,10007,69,238
Switch_3,23,32,9917,65,238
Switch_3,23,30,10944,67,233
Switch_3,23,33,10186,72,232
Switch_3,23,31,10785,70,237
Switch_3,23,27,10487,73,235
Switch_3,23,28,10535,73,238
Switch_3,24,30,10789,67,236
Switch_3,24,25,10959,72,236
Switch_3,24,26,10886,70,236
Switch_3,24,26,10975,70,237
Switch_3,24,30,10647,66,233
Switch_3,24,33,10931,74,238
Switch_3,24,28,10942,74,236
Switch_3,24,30,10840,72,233
Switch_3,25,25,10904,65,237
Switch_3,25,33,10211,70,233
Switch_3,25,32,10540,70,237
Switch_3,25,28,10748,66,234
Switch_3,25,28,10168,75,238
Switch_3,25,29,10052,75,232
Switch_3,25,31,10977,70,236
Switch_3,25,25,10361,69,236
Switch_3,26,25,10822,68,237
Switch_3,26,31,10630,70,237
Switch_3,26,30,9829,72,234
Switch_3,26,28,10655,71,237
Switch_3,26,32,10624,68,235
Switch_3,26,32,10172,66,236
Switch_3,26,31,10373,72,234
Switch_3,26,31,10965,71,238
Switch_3,27,28,9898,66,232
Switch_3,27,30,10332,72,234
Switch_3,27,27,10631,66,235
Switch_3,27,27,10442,66,232
Switch_3,27,32,10489,67,233
Switch_3,27,31,10320,75,233
Switch_3,27,31,10162,68,233
Switch_3,27,32,10017,67,234
Switch_3,28,28,10269,65,236
Switch_3,28,32,9949,69,234
Switch_3,28,25,10879,69,236
Switch_3,28,31,10077,75,232
Switch_3,28,25,9815,73,235
Switch_3,28,26,10379,72,235
Switch_3,28,27,10198,73,233
Switch_3,28,32,10207,65,237
Switch_3,29,32,10282,75,232
Switch_3,29,25,10747,73,238
Switch_3,29,32,10733,69,232
Switch_3,29,29,10060,65,232
Switch_3,29,27,10026,66,236
Switch_3,29,31,10956,68,236
Switch_3,29,28,10115,67,237
Switch_3,29,29,10507,67,233
Switch_3,30,27,9835,68,235
Switch_3,30,32,10939,73,237
Switch_3,30,30,10964,69,236
Switch_3,30,27,10184,72,235
Switch_3,30,25,10221,68,236
Switch_3,30,33,10259,65,237
Switch_3,30,27,10590,67,232
Switch_3,30,26,10239,75,236